day,CO_mean,NO2_mean,O3_mean,PM10_mean,SO2_mean,TOUT_mean,TOUT_max,TOUT_min,TOUT_range
2023-01-01,1.2625,18.63333333,29.08333333,66.41666667,6.141666667,22.2725,30.58,14.53,16.05
2023-01-02,1.48875,29.49166667,16.08333333,79.45833333,5.345833333,22.08333333,28.9,15.58,13.32
2023-01-03,1.203333333,28.1375,18.79166667,91.25,7.595833333,21.67875,27.35,18.03,9.32
2023-01-04,1.228333333,28.72916667,25.29166667,83.375,8.495833333,19.68666667,25,15.15,9.85
2023-01-05,1.29875,30.55833333,25.95833333,95.66666667,6.083333333,19.43666667,25.33,13.13,12.2
2023-01-06,1.348333333,23.56666667,20.79166667,96.25,5.1625,19.21875,25.02,15.05,9.97
2023-01-07,1.45375,27.1375,18.83333333,96.875,4.516666667,20.1,27.43,13.76,13.67
2023-01-08,1.167083333,15.65,20.20833333,55.75,3.308333333,19.085,23.96,14.7,9.26
2023-01-09,1.20125,18.92083333,20.75,57.45833333,4.8625,18.55458333,22.29,15.48,6.81
2023-01-10,1.485416667,32.42916667,27.91666667,92.79166667,4.025,20.65291667,27.63,14.2,13.43
2023-01-11,1.5925,38.225,23.375,82.08333333,3.658333333,22.83166667,30.4,16.26,14.14
2023-01-12,1.2975,23.9125,22.375,95.5,3.95,19.88083333,23.28,15.37,7.91
2023-01-13,1.297083333,16.89166667,30.95833333,53.04166667,5.375,14.52458333,18.29,11.65,6.64
2023-01-14,1.51375,24.4875,25.16666667,69.70833333,4.641666667,14.51791667,20.11,8.37,11.74
2023-01-15,1.814166667,33.25416667,18.79166667,86.125,5.2375,17.16583333,26.09,9.37,16.72
2023-01-16,1.662916667,27.51666667,21.41666667,106.7083333,4.141666667,22.86833333,32.01,14.35,17.66
2023-01-17,1.8,36.875,20.75,102.875,6.829166667,21.75,28.18,16.26,11.92
2023-01-18,1.676666667,27.625,19.875,120.875,4.904166667,21.74166667,26.22,17.42,8.8
2023-01-19,1.370833333,16.0125,26.08333333,65,4.066666667,17.70375,20.53,16.49,4.04
2023-01-20,1.592916667,25.10833333,23.125,86.16666667,8.179166667,16.9825,20.96,13.53,7.43
2023-01-21,1.64125,22.49166667,26.25,88.79166667,6.841666667,18.32041667,23.62,13.64,9.98
2023-01-22,1.392916667,13.90416667,33.375,54.58333333,5.975,17.86625,21.64,14.97,6.67
2023-01-23,1.513333333,19.725,19.20833333,44.375,5.616666667,12.01625,16.12,10.71,5.41
2023-01-24,1.57,18.69583333,15.79166667,68.04166667,4.291666667,17.13791667,23.67,13.33,10.34
2023-01-25,1.407083333,20.4875,25.125,59.375,5.0875,13.99583333,19.09,8.85,10.24
2023-01-26,1.390416667,15.87916667,27,44.66666667,4.158333333,10.20958333,12.86,8.1,4.76
2023-01-27,1.64625,23.92083333,15.91666667,64.125,4.3875,9.614583333,12.94,6.74,6.2
2023-01-28,2.24375,48.9875,14.33333333,129.9166667,5.85,14.13791667,21.3,8.16,13.14
2023-01-29,2.067083333,37.25,38.625,118.7916667,10.48333333,21.00333333,28.14,14.6,13.54
2023-01-30,1.811666667,25.74583333,14.75,76.625,7.5875,20.71666667,25.33,14.42,10.91
2023-01-31,1.605416667,12.45833333,10.25,39.54166667,3.25,8.325833333,13.23,4.95,8.28
2023-02-01,1.62125,17.225,9.125,56.375,3.141666667,5.7,23.96,3.33,20.63
2023-02-02,1.825,22.40416667,11.04166667,69.41666667,3.870833333,8.405833333,16.4,4.53,11.87
2023-02-03,1.669583333,18.52916667,22.5,52.08333333,3.783333333,11.96708333,18.02,6.29,11.73
2023-02-04,1.632916667,22.1,20.45833333,53.66666667,4.383333333,12.47375,18.58,6.58,12
2023-02-05,1.774166667,28.41666667,27.125,69,8.108333333,17.62375,25.63,10.73,14.9
2023-02-06,1.83375,25.4875,21.25,75.70833333,6.583333333,18.98916667,27.41,11.67,15.74
2023-02-07,1.994166667,28.86666667,21.41666667,90.08333333,9.041666667,20.39958333,27.68,13.67,14.01
2023-02-08,1.65375,17.04166667,20.04166667,69.70833333,4.904166667,18.38916667,20.95,15.15,5.8
2023-02-09,1.5825,11.95833333,27.45833333,51.25,3.5875,18.10708333,21.98,14.84,7.14
2023-02-10,1.564166667,15.64583333,23,76.83333333,3.4,14.055,17.37,10.59,6.78
2023-02-11,1.54125,20.78333333,28.54166667,56.04166667,5.945833333,12.08666667,23.96,7.34,16.62
2023-02-12,1.598333333,16.52916667,30.16666667,46.95833333,4.970833333,14.44833333,20.51,9.99,10.52
2023-02-13,1.98125,28.0875,21.70833333,78.83333333,5.725,16.94333333,23.18,10.49,12.69
2023-02-14,1.81375,19.73333333,22.41666667,73.08333333,5.145833333,22.06708333,31.12,13.41,17.71
2023-02-15,1.887083333,30.275,27.16666667,86.45833333,6.704166667,24.635,32.48,17.63,14.85
2023-02-16,1.646666667,22.99583333,23.70833333,123.8333333,4.529166667,18.23,22.91,13.39,9.52
2023-02-17,1.487083333,10.74583333,30.70833333,47.04166667,3.879166667,10.83875,14.02,8.06,5.96
2023-02-18,1.45875,14.7375,29.95833333,43.45833333,3.991666667,11.40833333,23.96,6.77,17.19
2023-02-19,1.432916667,25.96666667,27.83333333,73.04166667,9.516666667,16.3475,24.22,9.23,14.99
2023-02-20,1.732083333,27.18333333,30.125,83.125,5.5875,21.15875,27.87,14.36,13.51
2023-02-21,1.912083333,30.37083333,34.25,92.875,5.695833333,23.47416667,30.09,16.5,13.59
2023-02-22,1.612916667,20.9,26.75,95.79166667,3.7875,26.76708333,34.42,18.02,16.4
2023-02-23,1.58125,26.55833333,22.41666667,90.79166667,6.229166667,27.27416667,32.87,22.01,10.86
2023-02-24,1.884583333,23.30416667,24.75,85.29166667,5.025,24.3825,28.7,20.22,8.48
2023-02-25,1.637083333,9.441666667,18.25,58.125,3.366666667,22.69791667,28.28,18.38,9.9
2023-02-26,1.73875,9.8125,20.66666667,56.29166667,3.133333333,23.02708333,28.12,19.36,8.76
2023-02-27,1.854583333,19.47916667,22.625,95.79166667,4.3375,25.92916667,32.03,20.2,11.83
2023-02-28,1.83875,22.39166667,35.66666667,94.91666667,5.9125,27.22375,33.45,20.53,12.92
2023-03-01,2.052916667,26.8625,32.75,95.95833333,4.079166667,28.83833333,36.92,20.81,16.11
2023-03-02,1.975833333,28.45833333,20.95833333,86.66666667,4.0875,29.66833333,35.5,24.87,10.63
2023-03-03,1.655416667,16.13333333,37.95833333,162.0416667,4.4625,21.77833333,26.11,16.47,9.64
2023-03-04,1.887916667,23.98333333,33.16666667,108.2083333,6.591666667,21.48541667,27.55,14.05,13.5
2023-03-05,1.9175,15.62083333,35.83333333,67.125,4.454166667,20.80875,28,14.44,13.56
2023-03-06,2.061666667,18.1875,31.70833333,93.41666667,4.758333333,23.93083333,29.74,18.67,11.07
2023-03-07,2.0525,16.27916667,25.66666667,91.45833333,3.525,24.66333333,30.37,20.69,9.68
2023-03-08,2.027916667,17.85416667,17.58333333,79.08333333,3.6375,22.81958333,28.31,18.89,9.42
2023-03-09,1.616041667,12.98125,19.04166667,63.4375,3.1375,21.69208333,27.11,10.99,16.12
2023-03-10,1.81,15.02083333,20.125,67.95833333,4.075,23.48083333,27.48,19.49,7.99
2023-03-11,1.95375,20.48333333,27.83333333,80.58333333,3.733333333,25.45333333,31.72,19.24,12.48
2023-03-12,1.712916667,17.50833333,24.91666667,70.79166667,3.908333333,26.50041667,33.78,5.94,27.84
2023-03-13,1.59,10.05,27,50.91666667,3.120833333,21.68375,27.28,4.08,23.2
2023-03-14,2.086666667,14.10833333,20.29166667,34.45833333,2.75,15.675,18.76,13.81,4.95
2023-03-15,2.171666667,13.8375,15.70833333,30.125,2.75,16.19041667,18.65,14.82,3.83
2023-03-16,2.226666667,17.09791667,27.54166667,62.70833333,2.910416667,24.033125,31.88,17.64,14.24
2023-03-17,1.705208333,12.975,23.5625,61.77083333,2.952083333,17.010625,23.96,6.51,17.45
2023-03-18,2.036666667,10.0625,33.16666667,41.875,3.7625,10.86916667,13.33,6.46,6.87
2023-03-19,2.170833333,10.64583333,27.54166667,31.5,2.875,5.017083333,5.92,3.88,2.04
2023-03-20,2.395416667,17.42083333,17.375,44.45833333,3.154166667,8.724166667,13.38,4.94,8.44
2023-03-21,2.749583333,27.2,26.04166667,77.04166667,4.041666667,19.17875,28.23,11.15,17.08
2023-03-22,2.550416667,20.3625,21.95833333,74.83333333,3.704166667,22.91541667,31.23,15.62,15.61
2023-03-23,2.208333333,17.575,23,73.875,3.483333333,25.3625,32.4,19.7,12.7
2023-03-24,2.245,19.025,21.66666667,95.41666667,3.9875,28.3425,36.11,19.58,16.53
2023-03-25,2.139166667,15.79583333,33.16666667,60.91666667,3.625,24.98833333,28.59,21.51,7.08
2023-03-26,2.3275,14.57083333,36.29166667,67.66666667,4.604166667,25.19166667,31.95,18.68,13.27
2023-03-27,2.673333333,15.01666667,19.5,66,3.525,24.78708333,29.19,20.91,8.28
2023-03-28,2.930833333,12.39166667,17.41666667,55.875,2.979166667,18.64083333,24.4,11,13.4
2023-03-29,3.061666667,23.77916667,19.66666667,48,3.195833333,12.16833333,13.06,11.15,1.91
2023-03-30,3.39625,30.39166667,12.29166667,73.08333333,3.529166667,16.1,20.08,12.34,7.74
2023-03-31,3.68,29.21666667,34.16666667,102.625,3.825,23.30291667,30.08,17.09,12.99
2023-04-01,3.105,15.25833333,19.29166667,73.04166667,3.158333333,23.79166667,26.02,20.14,5.88
2023-04-02,3.121666667,10.40833333,24.875,57.08333333,2.85,24.7625,30,20.72,9.28
2023-04-03,3.281666667,19.575,33.375,77.625,3.8375,28.6575,36.36,20.74,15.62
2023-04-04,3.5825,28.83333333,17.75,99.29166667,3.258333333,26.76208333,33.44,22,11.44
2023-04-05,3.45125,25.2125,22.125,136.7916667,3.675,26.21125,30.33,21.07,9.26
2023-04-06,3.258333333,19.26666667,24.04166667,59.08333333,3.516666667,15.0325,20.43,12.21,8.22
2023-04-07,3.33125,19.40416667,14.20833333,46.16666667,3.529166667,13.89625,16.1,13.04,3.06
2023-04-08,3.336666667,15.8875,12.70833333,44.875,3.279166667,15.08833333,18.55,12.54,6.01
2023-04-09,3.285833333,11.22083333,19.08333333,30.08333333,3.604166667,16.99416667,19.37,14.97,4.4
2023-04-10,3.390416667,12.07916667,16.91666667,22.20833333,3.066666667,17.76125,18.65,16.27,2.38
2023-04-11,3.364583333,12.89166667,26.41666667,42,3.779166667,19.66208333,24.33,16.14,8.19
2023-04-12,3.303333333,12.5625,33.75,44.70833333,3.304166667,20.71458333,25.28,16.73,8.55
2023-04-13,3.396666667,13.9,28.95833333,55.125,3.745833333,20.77166667,24.95,16.02,8.93
2023-04-14,3.637916667,25.22083333,22.875,73.16666667,4.6125,24.94375,31.26,17.71,13.55
2023-04-15,3.375416667,18.53333333,19.5,59.33333333,4.066666667,28.69666667,34.6,21.57,13.03
2023-04-16,3.391666667,11.86666667,29.58333333,46.20833333,3.504166667,21.8,25.48,18.29,7.19
2023-04-17,3.453333333,13.17083333,27.79166667,58.33333333,3.345833333,18.93125,22.68,15.12,7.56
2023-04-18,3.528333333,11.27083333,34.125,50.04166667,3.066666667,22.49916667,28.04,18,10.04
2023-04-19,3.532916667,10.35833333,26.08333333,53.70833333,3.095833333,24.1975,28.68,20.7,7.98
2023-04-20,3.582083333,11.21666667,30.58333333,65.54166667,2.991666667,25.16083333,29.39,21.65,7.74
2023-04-21,3.593333333,12.92083333,25.95833333,75.125,3.158333333,27.14583333,33.97,22.34,11.63
2023-04-22,3.567083333,13.67083333,24.04166667,54.5,3.341666667,23.13875,26.12,19.54,6.58
2023-04-23,3.611666667,12.0625,20.125,56.54166667,3.133333333,20.66625,26.86,14.27,12.59
2023-04-24,2.263333333,14.90833333,18.41666667,36.33333333,3.154166667,14.58291667,16.63,12.45,4.18
2023-04-25,0.574166667,15.3,24.16666667,45.29166667,3.370833333,19.95083333,25.27,15.15,10.12
2023-04-26,0.7375,19.43333333,30.95833333,70.75,3.791666667,23.35458333,28.69,18.14,10.55
2023-04-27,0.669583333,14.83333333,24.125,66.41666667,3.295833333,24.67208333,28.88,20.61,8.27
2023-04-28,0.76125,18.2625,27.83333333,59.375,3.408333333,25.21375,30.23,19.45,10.78
2023-04-29,0.340416667,8.379166667,36,73.125,3.308333333,22.69291667,29.21,16.27,12.94
2023-04-30,0.559583333,14.06666667,37.91666667,49.54166667,4.575,24.26208333,30.87,16.7,14.17
2023-05-01,0.634166667,17.2,38.04166667,58.41666667,4.854166667,26.49833333,33.85,18.95,14.9
2023-05-02,0.6975,14.175,29.41666667,63.625,3.833333333,23.40333333,27.7,19.33,8.37
2023-05-03,0.657083333,7.679166667,23.91666667,50.75,3.0625,24.21541667,27.51,21.28,6.23
2023-05-04,0.8275,12.875,23.16666667,68.45833333,3.066666667,24.32458333,27.33,21.82,5.51
2023-05-05,0.830416667,15.23333333,22.5,66.66666667,3.1375,27.33,32.23,22.18,10.05
2023-05-06,1.001666667,22.6625,30.04166667,91.79166667,3.325,28.20458333,32.88,22.16,10.72
2023-05-07,0.893333333,15.12083333,25.875,78.58333333,3.0625,27.0475,31.82,24.12,7.7
2023-05-08,0.833333333,13.79166667,25.08333333,64.75,3.125,25.16458333,29.15,22.34,6.81
2023-05-09,0.83375,14.59583333,30.70833333,55.29166667,3.341666667,24.07,27.98,19.86,8.12
2023-05-10,0.8875,13.79166667,39.66666667,52.125,3.475,25.85875,29.91,21.29,8.62
2023-05-11,0.910833333,15.4625,41.45833333,71.04166667,3.491666667,27.26833333,32.61,21.41,11.2
2023-05-12,0.91375,10.12916667,23.33333333,72.08333333,3.016666667,25.06583333,27.99,20.45,7.54
2023-05-13,0.905833333,16.59166667,27.16666667,39.25,3.029166667,20.33916667,22.91,18.92,3.99
2023-05-14,0.836666667,10.92083333,29.66666667,29.54166667,3.045833333,19.70541667,21.46,18.09,3.37
2023-05-15,0.934583333,18.52916667,29.83333333,43.75,3.508333333,22.48,28.34,17.72,10.62
2023-05-16,0.9075,18.14583333,31.83333333,47,3.495833333,23.16,28.11,18.65,9.46
2023-05-17,1.012083333,21.27083333,39.70833333,67.79166667,3.7,25.34958333,30.54,20.46,10.08
2023-05-18,1.052083333,21.28333333,25.08333333,54.125,3.533333333,23.7275,28.34,20.69,7.65
2023-05-19,1.047916667,19.5625,33.04166667,61.41666667,3.65,26.57166667,31.49,21.36,10.13
2023-05-20,0.971666667,16.23333333,12.5,54.45833333,3.158333333,22.36,27.26,18.27,8.99
2023-05-21,1.118958333,13.93333333,23.33333333,41.66666667,3.341666667,22.10375,26.2,18.24,7.96
2023-05-22,0.767083333,10.44583333,34.5,41.20833333,2.820833333,24.53875,28.98,19.71,9.27
2023-05-23,0.942916667,14.47083333,29.79166667,48.625,2.3375,26.62791667,31.02,22.49,8.53
2023-05-24,1.010416667,12.25,26.08333333,45.29166667,2.3,25.55083333,28.63,22.2,6.43
2023-05-25,1.053333333,8.55,24.66666667,38.375,2.2875,25.49958333,29.4,21.93,7.47
2023-05-26,1.002916667,9.6625,27.08333333,33.54166667,2.325,25.435,29.13,21.04,8.09
2023-05-27,1.061666667,6.658333333,38.5,37.45833333,2.220833333,24.4175,27.4,22.11,5.29
2023-05-28,1.040416667,6.0875,41.20833333,26.5,2.458333333,23.72291667,30.56,18.07,12.49
2023-05-29,1.222916667,15.10416667,43.33333333,39.20833333,2.433333333,23.6325,29.33,17.45,11.88
2023-05-30,1.2625,19,41.54166667,51.54166667,2.6375,25.88625,31.67,19.62,12.05
2023-05-31,1.175,11.2875,35.95833333,44.83333333,2.333333333,25.96541667,30.92,21.05,9.87
2023-06-01,1.16625,7.4375,29.83333333,36.16666667,2.295833333,25.61041667,29.13,22.39,6.74
2023-06-02,1.179166667,7.266666667,23.29166667,32.70833333,2.2625,25.44166667,28.34,22.3,6.04
2023-06-03,1.015,5.8375,25.375,32.125,2.245833333,25.44791667,29.18,22.74,6.44
2023-06-04,0.979583333,9.925,33.25,28.25,2.2625,23.89208333,28.47,19.25,9.22
2023-06-05,1.032083333,10.51666667,37.66666667,42.29166667,2.704166667,26.0925,31.81,21.16,10.65
2023-06-06,1.1675,18.20833333,37.45833333,57.25,3.408333333,26.65125,31.48,21.66,9.82
2023-06-07,1.115833333,15.0125,34.625,49.70833333,3.391666667,27.47791667,31.77,22.46,9.31
2023-06-08,1.17125,12.43333333,36.875,51.91666667,2.525,27.14208333,32.64,22.83,9.81
2023-06-09,1.260833333,16.92083333,39.29166667,60.20833333,2.504166667,30.32166667,36.55,24.22,12.33
2023-06-10,1.158333333,10.8875,30.04166667,53.95833333,2.2625,28.44,32.71,24.5,8.21
2023-06-11,1.194166667,9.745833333,31.04166667,56.375,2.216666667,28.88666667,33.43,23.97,9.46
2023-06-12,1.309166667,12.80833333,36,79.79208333,2.283333333,30.255,35.88,25.06,10.82
2023-06-13,1.299583333,16.8875,42.125,108.65125,2.220833333,32.28458333,39.89,25.47,14.42
2023-06-14,1.483333333,27.95416667,48.91666667,114.0283333,2.55,32.89708333,39.86,25.52,14.34
2023-06-15,1.397083333,21.11666667,48.33333333,129.7495833,2.4375,32.62833333,37.76,26.86,10.9
2023-06-16,1.377083333,17.35416667,51.83333333,133.9316667,2.304166667,31.9075,36.34,26.18,10.16
2023-06-17,1.300833333,12.45,40.04166667,122.495,2.1625,31.07,36.2,26.39,9.81
2023-06-18,1.251666667,11.325,40.54166667,118.71625,2.195833333,33.59625,40.37,27.53,12.84
2023-06-19,1.289583333,18.35833333,50.16666667,124.1879167,2.941666667,34.47666667,41.47,27.33,14.14
2023-06-20,1.2675,22.31666667,55.95833333,146.3616667,5.916666667,34.29916667,40.14,27.83,12.31
2023-06-21,1.329166667,24.15416667,53.29166667,153.6979167,6.525,34.6625,41.39,27.37,14.02
2023-06-22,1.227916667,17.82083333,40.75,131.83625,4.5625,32.33333333,37.36,25.54,11.82
2023-06-23,1.260416667,15.89166667,40.41666667,60.17166667,3.766666667,32.27208333,38.41,26.78,11.63
2023-06-24,1.110833333,11.70416667,34.66666667,49.21583333,3.6,31.03416667,37.18,24.51,12.67
2023-06-25,1.084583333,8.55,32.29166667,34.70166667,2.979166667,30.98583333,37.58,24.67,12.91
2023-06-26,1.104583333,11.3375,27.625,46.115,3.558333333,31.445,37.51,25.36,12.15
2023-06-27,1.105,12.17083333,30.54166667,57.70208333,3.416666667,31.06166667,37.42,24.56,12.86
2023-06-28,1.05875,9.175,30.375,51.84541667,2.979166667,30.25958333,36.86,23.95,12.91
2023-06-29,1.035416667,5.666666667,27.5,33.21041667,2.479166667,29.35166667,35.77,24.04,11.73
2023-06-30,1.055,5.891666667,25.83333333,26.1875,2.35,29.24416667,33.69,24.77,8.92
2023-07-01,1.11125,7.125,32.04166667,32.59833333,2.458333333,29.39875,34.85,23.96,10.89
2023-07-02,1.130416667,7.495833333,30.66666667,33.80166667,2.629166667,28.05916667,33.29,24.23,9.06
2023-07-03,1.2775,15.025,26.91666667,38.41291667,2.445833333,26.25,30.03,22.86,7.17
2023-07-04,1.179583333,10.74583333,32.58333333,37.62583333,2.725,27.97041667,34.13,23.33,10.8
2023-07-05,1.140833333,8.070833333,30.04166667,39.16375,2.616666667,28.5975,33.59,24,9.59
2023-07-06,1.155833333,10.89583333,27.875,32.84875,2.695833333,26.5875,32.71,23.52,9.19
2023-07-07,1.152083333,10.74166667,25.16666667,31.23833333,2.420833333,26.855,31.16,23.24,7.92
2023-07-08,1.1925,11.50833333,22.91666667,40.93916667,2.395833333,26.70083333,32.32,23.6,8.72
2023-07-09,1.205416667,10.05,34.83333333,41.77791667,2.375,28.74208333,34.66,23.86,10.8
2023-07-10,1.194166667,9.8625,29.33333333,49.92041667,2.808333333,29.87833333,35.57,24.76,10.81
2023-07-11,1.199166667,11.675,40.08333333,51.22208333,2.6875,30.58541667,36.06,25.59,10.47
2023-07-12,1.091666667,10.65,39.54166667,50.85166667,3.325,30.67625,37.15,22.17,14.98
2023-07-13,1.310833333,13.025,39.33333333,53.90666667,3.4375,31.35625,36.71,25.41,11.3
2023-07-14,1.178333333,12.75,41.45833333,68.79791667,3.9875,30.93291667,36.67,25.01,11.66
2023-07-15,1.003333333,10.15,39.04166667,61.38041667,3.5125,30.61291667,36.42,25.02,11.4
2023-07-16,0.904583333,6.254166667,31.79166667,67.60958333,2.9,30.47666667,37.23,24.61,12.62
2023-07-17,0.977083333,8.008333333,28,59.43916667,2.95,30.00041667,36.67,23.86,12.81
2023-07-18,0.984583333,10.49583333,29.16666667,74.7775,3.308333333,30.5975,37.05,24.81,12.24
2023-07-19,1.017916667,9.483333333,32.125,76.09833333,2.904166667,30.395,37.5,24.28,13.22
2023-07-20,1.022083333,8.7875,28.625,59.52333333,2.7125,30.08041667,36.9,24.27,12.63
2023-07-21,0.985833333,9.2375,29.25,56.25,3.229166667,29.32916667,36.48,23.96,12.52
2023-07-22,1.21375,9.6375,31.41666667,50.29166667,3.358333333,29.79041667,34.97,24.73,10.24
2023-07-23,1.291666667,8.133333333,29.41666667,49.875,3.525,30.56625,35.36,25.45,9.91
2023-07-24,1.294583333,8.870833333,26.29166667,46,3.304166667,28.595,34.39,25.07,9.32
2023-07-25,1.27625,9.9375,31.54166667,43.5,2.875,28.64583333,34.59,23.23,11.36
2023-07-26,1.233333333,11.32083333,35.70833333,56.79166667,4.054166667,29.56708333,35.77,24.12,11.65
2023-07-27,1.194583333,8.245833333,32.58333333,72,3.283333333,29.2925,35.69,23.59,12.1
2023-07-28,1.17,10.4125,37.5,48.70833333,3.483333333,27.96416667,34.38,23.44,10.94
2023-07-29,1.167916667,10.12083333,34.125,40.58333333,3.275,27.6025,33.19,22.37,10.82
2023-07-30,1.11625,6.279166667,24.91666667,44.95833333,2.8375,28.96291667,34.57,23.62,10.95
2023-07-31,1.08625,8.670833333,29.45833333,38.75,3.341666667,30.695,36.11,25.39,10.72
2023-08-01,0.929166667,9.429166667,26.91666667,48.08333333,4.054166667,30.22375,35.73,23.96,11.77
2023-08-02,0.94125,7.020833333,25.875,39,2.841666667,29.48,34.95,24.3,10.65
2023-08-03,1.0225,9.479166667,32.41666667,42.25,3.195833333,29.92125,35.97,24.29,11.68
2023-08-04,1.052916667,11.28333333,34.75,54.875,3.6,30.73708333,37.41,24.76,12.65
2023-08-05,1.0675,10.0875,31.75,58.45833333,3.783333333,30.57916667,37.66,24.38,13.28
2023-08-06,1.077083333,8.4875,35.125,49.08333333,3.725,31.27041667,38.22,25.29,12.93
2023-08-07,1.135,13.04583333,31.625,66.16666667,4.2375,31.03458333,38.31,24.82,13.49
2023-08-08,0.993541667,12.6125,32.41666667,49.95833333,3.95,30.03583333,37.55,6.35,31.2
2023-08-09,1.35,18.64583333,35,58.54166667,2.760416667,31.06583333,36.64,25.2,11.44
2023-08-10,0.86925,15.575,33.83333333,67.04166667,2.354166667,31.81166667,38.1,25.67,12.43
2023-08-11,0.36875,13.35,30.08333333,65.20833333,1.970833333,31.23541667,38.07,26.06,12.01
2023-08-12,0.408333333,7.654166667,34.83333333,73.5,1.933333333,31.65208333,37.9,26.63,11.27
2023-08-13,0.414166667,6.5125,29.375,45.04166667,2.0875,31.05208333,38,25.57,12.43
2023-08-14,0.462083333,6.866666667,25.54166667,49.20833333,1.983333333,30.11625,36.07,25.32,10.75
2023-08-15,0.496666667,8.3,24.5,47.83333333,2.2,29.81541667,35.01,24.7,10.31
2023-08-16,0.5725,10.32916667,25.95833333,61.16666667,2.933333333,31.08333333,36.02,25.99,10.03
2023-08-17,0.58375,12.2625,27.29166667,69.20833333,3.845833333,31.65,37.25,25.35,11.9
2023-08-18,0.604166667,12.82916667,30.125,50.625,3.670833333,30.92625,35.37,25.65,9.72
2023-08-19,0.567916667,9.320833333,29.25,62.33333333,2.304166667,29.43041667,34.15,25.15,9
2023-08-20,0.557916667,9.179166667,24.75,84.79166667,3.295833333,28.74416667,33.75,24.39,9.36
2023-08-21,0.65875,12.675,31.75,56.875,3.125,28.68083333,33.78,23.91,9.87
2023-08-22,0.61125,9.308333333,33.875,48,2.216666667,27.63208333,31.28,26.11,5.17
2023-08-23,0.552916667,7.3875,37,33.5,2.020833333,27.03791667,31.48,23.8,7.68
2023-08-24,0.580833333,8.516666667,31.16666667,46.08333333,2.0625,28.52375,33.55,23.37,10.18
2023-08-25,0.652083333,10.56666667,32.58333333,64.20833333,2.4625,29.56708333,34.35,24.76,9.59
2023-08-26,0.72375,13.50833333,34.125,52.29166667,2.758333333,29.3325,33.25,24.91,8.34
2023-08-27,0.689166667,10.14583333,37.29166667,42.375,2.5375,30.14791667,35.47,25.82,9.65
2023-08-28,0.800833333,14.09166667,42.33333333,41.875,3.583333333,31.92625,37.41,25.82,11.59
2023-08-29,0.865,17.32916667,37.875,56.625,2.975,29.62458333,34.54,24.12,10.42
2023-08-30,0.626666667,12.5625,49.95833333,40.625,2.416666667,30.97083333,35.9,25.75,10.15
2023-08-31,0.622916667,13.54583333,54.70833333,50.45833333,3.554166667,31.09875,36.18,25.2,10.98
2023-09-01,0.725416667,16.7,48.625,54.25,3.495833333,30.15083333,35.1,23.96,11.14
2023-09-02,0.5725,7.4875,59.04166667,43.79166667,2.670833333,30.60333333,36.08,25.11,10.97
2023-09-03,0.666666667,10.12083333,49.25,47.20833333,3.2875,30.0625,35.46,23.9,11.56
2023-09-04,0.73875,13.68333333,38.45833333,60.125,3.3375,30.97541667,36.2,24.96,11.24
2023-09-05,0.7075,11.77916667,28.66666667,49.5,2.608333333,31.15625,37.61,25.18,12.43
2023-09-06,0.685833333,8.383333333,23.25,46.88,2.466666667,29.95125,34.67,25.3,9.37
2023-09-07,0.713333333,7.895833333,23.16666667,39.875,2.220833333,29.65333333,34.73,25.06,9.67
2023-09-08,0.778333333,9.733333333,28.125,44.33333333,2.808333333,31.01,36.03,25.59,10.44
2023-09-09,0.727916667,8.6125,30.25,46,2.2625,30.66666667,36.7,24.64,12.06
2023-09-10,0.742083333,9.633333333,34.125,38.79166667,2.929166667,31.50333333,37.64,25.33,12.31
2023-09-11,0.753333333,10.2,34.70833333,46.375,2.479166667,30.69958333,36.35,24.74,11.61
2023-09-12,0.699166667,10.9125,37.04166667,49.375,2.8375,29.91083333,35.5,24.55,10.95
2023-09-13,0.748333333,11.72916667,37.20833333,53.16666667,2.554166667,29.87583333,34.95,23.96,10.99
2023-09-14,0.752083333,13.84166667,40.375,59,2.666666667,30.32791667,36.13,24.61,11.52
2023-09-15,0.815833333,14.49583333,32,60.625,2.4375,30.04458333,34.73,25.2,9.53
2023-09-16,0.716666667,9.0875,39.5,34.5,2.208333333,26.76166667,31.92,21.29,10.63
2023-09-17,0.792708333,11.36875,33.14583333,44.875,2.26875,26.01791667,31.68,23.01,8.67
2023-09-18,0.804375,13.92916667,45.22916667,46.47916667,2.829166667,27.37895833,31.88,23.96,7.92
2023-09-19,0.732291667,13.10625,40.77083333,44.625,2.425,26.55083333,32.65,22.94,9.71
2023-09-20,0.900833333,17.44583333,47.83333333,59.39583333,3.33125,28.80875,34.64,23.96,10.68
2023-09-21,0.634166667,14.82083333,34.875,47.66666667,2.858333333,28.72791667,33.99,23.58,10.41
2023-09-22,0.64125,13.12916667,34.125,50.66666667,2.8375,29.05166667,34.59,23.9,10.69
2023-09-23,0.68,14.94583333,34.08333333,56.66666667,3.058333333,30.09833333,35.85,24.28,11.57
2023-09-24,0.672083333,11.9375,38.91666667,52,3.108333333,30.49875,36.41,24.5,11.91
2023-09-25,0.659166667,14.42083333,26.54166667,55.04166667,3.675,29.80791667,34.63,25.12,9.51
2023-09-26,0.629583333,13.25833333,37.20833333,46.375,3.158333333,28.95166667,33.77,23.87,9.9
2023-09-27,0.69625,15.6875,36.5,58.08333333,2.8,26.69458333,33.36,23.23,10.13
2023-09-28,0.900833333,23.47083333,35.125,61.33333333,4.558333333,26.18458333,32.42,21.02,11.4
2023-09-29,0.69625,14.80416667,39.875,51.125,3.495833333,27.425,31.94,22.25,9.69
2023-09-30,0.63875,12.04583333,35.625,44.04166667,3.475,27.3525,31.25,23.35,7.9
2023-10-01,0.593333333,5.9625,33.45833333,32.45833333,2.183333333,26.93333333,30.88,23,7.88
2023-10-02,0.64,8.358333333,28.70833333,31.66666667,2.070833333,26.52958333,31.37,21.59,9.78
2023-10-03,0.672083333,11.19583333,26.33333333,42.45833333,2.316666667,26.79666667,30.91,23.35,7.56
2023-10-04,0.721666667,12.275,27.33333333,43.125,2.354166667,27.88666667,32.1,23.96,8.14
2023-10-05,0.76375,14.37083333,22.29166667,50.41666667,2.520833333,25.26791667,30.7,20.13,10.57
2023-10-06,0.749583333,16.2125,27.29166667,34.91666667,2.225,20.52291667,22.99,18.03,4.96
2023-10-07,0.695,13.05833333,37.70833333,35.08333333,2.3625,20.01708333,22.21,18.49,3.72
2023-10-08,0.774583333,18.775,27.625,37.5,2.691666667,16.2425,17.73,15.46,2.27
2023-10-09,1.02,26.875,21.08333333,60.54166667,2.991666667,18.52208333,21.73,15.8,5.93
2023-10-10,1.51375,34.3125,12.58333333,78.95833333,3.695833333,18.95916667,23.96,18.36,5.6
2023-10-11,0.8875,19.175,28.08333333,38.625,2.579166667,20.925,25.51,18.08,7.43
2023-10-12,0.91625,19.3625,39.83333333,49.75,2.879166667,25.03375,31.34,19.09,12.25
2023-10-13,1.03375,24.1125,37.54166667,60.875,3.775,27.46916667,33.71,21.4,12.31
2023-10-14,1.022916667,19.48333333,22.04166667,42.625,3.329166667,20.57625,23.96,16.11,7.85
2023-10-15,0.76,13.87083333,32.54166667,40.79166667,3.183333333,19.08333333,21.4,16.51,4.89
2023-10-16,0.78125,17.53333333,37.25,41.08333333,3.895833333,19.505,22.67,17.24,5.43
2023-10-17,0.823333333,17.9375,37.33333333,39.79166667,3.583333333,19.29083333,23.94,14.47,9.47
2023-10-18,1.20375,34.76666667,36.29166667,92.25,5.225,20.24333333,25.71,14.08,11.63
2023-10-19,1.080833333,31.79583333,34.875,76.125,4.7125,23.90625,30.11,17.85,12.26
2023-10-20,1.0575,29.7625,51.25,76.79166667,5.145833333,25.33,30.72,19.96,10.76
2023-10-21,0.964583333,23.55416667,41.79166667,53.125,4.333333333,25.21875,29.82,19.98,9.84
2023-10-22,0.90625,11.57916667,33.08333333,43.20833333,3.025,23.91541667,27.34,20.4,6.94
2023-10-23,0.965416667,15.52916667,28.16666667,49.91666667,3.554166667,23.3675,26.32,20.75,5.57
2023-10-24,1.027083333,11.3625,32.70833333,50.04166667,3.116666667,24.59416667,29.53,10.57,18.96
2023-10-25,1.087083333,9.6,29.04166667,42.08333333,2.591666667,24.82916667,27.05,22.87,4.18
2023-10-26,1.192916667,13.95416667,25.58333333,40.25,2.566666667,24.525,26.63,22.46,4.17
2023-10-27,1.095416667,9.141666667,21.16666667,23.29166667,2.316666667,24.74708333,27.15,22.27,4.88
2023-10-28,1.058333333,11.49583333,26.33333333,31.04166667,2.508333333,24.45333333,28.69,20.72,7.97
2023-10-29,1.142083333,13.87916667,23.375,34.29166667,2.683333333,23.68041667,27.05,21.03,6.02
2023-10-30,1.057916667,12.79583333,18.16666667,40.79166667,3.2375,9.23,20.04,7.29,12.75
2023-10-31,1.111666667,17.32083333,22.20833333,40.04166667,3.808333333,9.445833333,23.96,6.79,17.17
2023-11-01,0.915833333,13.9875,36.5,29.875,3.4,13.40208333,23.96,10.96,13
2023-11-02,0.961666667,17.52083333,37.08333333,44.16666667,3.475,14.59416667,19.81,8.71,11.1
2023-11-03,1.117916667,19.53333333,30.16666667,56.58333333,3.370833333,17.76625,23.33,12.42,10.91
2023-11-04,1.30375,23.675,28.66666667,67.79166667,3.229166667,19.33625,24.23,14.37,9.86
2023-11-05,1.254166667,18.59166667,33.375,47.20833333,3.354166667,20.66625,25.87,15.26,10.61
2023-11-06,1.269583333,22.14583333,34.375,54.70833333,3.325,21.58791667,26.27,15.64,10.63
2023-11-07,1.457916667,33.49583333,40.5,74.83333333,3.591666667,23.59083333,28.57,17.75,10.82
2023-11-08,1.626666667,36.25833333,46.5,93.66666667,3.6875,24.00083333,29.45,17.96,11.49
2023-11-09,1.240833333,19.20416667,25.25,58.375,3.020833333,23.6125,28,20,8
2023-11-10,1.211666667,15.25833333,14.58333333,33.625,2.429166667,16.00583333,22.77,13.25,9.52
2023-11-11,1.214166667,16.2875,12.45833333,30.70833333,2.591666667,13.12875,14.15,12.41,1.74
2023-11-12,1.36625,15.2375,14.83333333,26.70833333,2.5125,13.445,14.77,12.77,2
2023-11-13,1.399166667,17.13333333,12.875,29.54166667,2.3125,14.50875,15.79,13.38,2.41
2023-11-14,1.219166667,19.50833333,12.25,40.20833333,2.270833333,14.36166667,17.33,4.99,12.34
2023-11-15,1.025416667,25.0375,12.16666667,56.66666667,2.3625,16.44458333,19.17,14.67,4.5
2023-11-16,1.35375,24.16666667,24.29166667,69.5,2.825,18.48125,22.78,14.63,8.15
2023-11-17,1.686666667,36.575,34.54166667,92.29166667,3.45,21.56083333,30.24,14.45,15.79
2023-11-18,1.42625,26.09166667,29.54166667,78.83333333,3.891666667,21.33208333,25.74,17.59,8.15
2023-11-19,1.39,22.04166667,27.125,70.83333333,2.8375,20.0575,24.1,17.69,6.41
2023-11-20,1.474375,17.04375,28.20833333,66.22916667,2.960416667,23.45354167,32.73,17.46,15.27
2023-11-21,0.740833333,13.95625,27.52083333,57.20833333,2.685416667,18.14083333,23.96,14.04,9.92
2023-11-22,0.756458333,16.9875,25.22916667,39.91666667,3.172916667,13.41208333,23.96,11.03,12.93
2023-11-23,1.100416667,15.81458333,27.75,48.89583333,3.0125,20.88833333,23.96,12.54,11.42
2023-11-24,1.045833333,23.25416667,25,62.75,3.3875,15.42958333,23.96,9.91,14.05
2023-11-25,1.336666667,20.74166667,18.29166667,48.95833333,2.716666667,15.85375,18.56,14.27,4.29
2023-11-26,1.5525,17.56666667,20.58333333,62.79166667,3.666666667,16.36583333,18.97,12.87,6.1
2023-11-27,1.498333333,18.61666667,15.91666667,43.33333333,3.05,9.490833333,12.56,7.55,5.01
2023-11-28,1.559166667,22.47083333,14.29166667,42.20833333,3.179166667,8.612916667,9.59,7.93,1.66
2023-11-29,2.040833333,27.70416667,14.54166667,60.75,3.604166667,10.35041667,11.99,9.23,2.76
2023-11-30,2.737083333,39.75833333,22,129.4166667,3.958333333,17.26916667,26.83,10.8,16.03
2023-12-01,2.6275,27.85833333,19.16666667,112.5833333,3.908333333,17.06208333,23.96,13.97,9.99
2023-12-02,2.52375,34.47083333,19.70833333,121.75,4.370833333,17.90166667,24.37,12.34,12.03
2023-12-03,1.825416667,21.79583333,23.125,69.83333333,3.283333333,17.27375,20.3,14.51,5.79
2023-12-04,1.982916667,27.5875,22,80.91666667,4.45,18.16625,23.46,14.01,9.45
2023-12-05,2.205,36.37916667,21.625,106.4583333,8,17.37458333,20.97,13.78,7.19
2023-12-06,1.596666667,22.0625,19.83333333,72.66666667,3.6375,16.16791667,23.96,10.41,13.55
2023-12-07,1.595416667,21.95833333,16.375,46.75,2.941666667,16.40916667,17.7,15.18,2.52
2023-12-08,2.172916667,32.77083333,23.66666667,90.20833333,3.9625,21.20208333,28.95,14.4,14.55
2023-12-09,1.649583333,24.16666667,33.20833333,73.79166667,4.370833333,23.18291667,30.93,18.64,12.29
2023-12-10,1.187083333,10.6375,40.45833333,48.29166667,3.604166667,13.74083333,18.4,9.92,8.48
2023-12-11,1.8225,32.97916667,17.54166667,96.625,4.754166667,12.07791667,16.22,8.67,7.55
2023-12-12,1.784166667,26.725,18.125,87.91666667,4.275,12.40083333,15.01,9.15,5.86
2023-12-13,1.684583333,20.70416667,15.70833333,57.16666667,3.4375,14.4925,15.95,13.23,2.72
2023-12-14,1.650416667,16.3375,17.45833333,29.33333333,3.045833333,16.49166667,17.68,15.68,2
2023-12-15,1.932916667,22.79166667,13.375,56.54166667,2.954166667,17.13458333,19.09,15.56,3.53
2023-12-16,1.573333333,19.6375,24.33333333,47.58333333,3.108333333,17.66166667,22.35,14.23,8.12
2023-12-17,1.568333333,20.84166667,30.33333333,45.70833333,3.266666667,16.26791667,22.49,11,11.49
2023-12-18,1.672916667,23.20416667,27.20833333,62.95833333,4.466666667,17.22583333,22.04,12.52,9.52
2023-12-19,1.6825,24.82916667,24.75,65.29166667,3.85,15.74791667,23.96,11.26,12.7
2023-12-20,1.777916667,27.42083333,16.29166667,72.08333333,3.6625,14.32958333,18.24,11.16,7.08
2023-12-21,1.804583333,26.30833333,20.875,77.54166667,4.55,16.16958333,19.92,13.25,6.67
2023-12-22,2.284166667,30.02083333,19.4375,107.7916667,3.808333333,16.86,18.59,15.73,2.86
2023-12-23,1.8175,18.19583333,15.66666667,60.41666667,3.120833333,16.84,18.11,15.99,2.12
2023-12-24,1.75625,17.0125,26.125,62.95833333,3.1375,20.17375,26.59,14.4,12.19
2023-12-25,1.634583333,11.45833333,28.29166667,44.95833333,4.325,15.85875,17.47,12.73,4.74
2023-12-26,1.606666667,14.95833333,21.5,50.95833333,3.025,12.245,14.48,10.72,3.76
2023-12-27,2.080833333,26.14583333,25.45833333,95.875,4.575,14.89375,20.94,9.78,11.16
2023-12-28,1.65875,21.65416667,30.83333333,54.375,5.5875,14.02125,17.6,10.16,7.44
2023-12-29,1.685416667,22.6875,29.125,61.41666667,4.308333333,13.43416667,17.99,9.13,8.86
2023-12-30,1.621666667,23.5125,30.45833333,54.41666667,3.858333333,14.14333333,20.61,8.72,11.89
2023-12-31,1.765416667,24.65,31.29166667,58.29166667,4.008333333,16.33,23.31,9.79,13.52
2024-01-01,1.7025,14.5,32.79166667,53.04166667,4.441666667,18.08416667,23.96,13.96,10
2024-01-02,1.995833333,18.89583333,18.20833333,54.83333333,3.708333333,14.95041667,16.33,13.57,2.76
2024-01-03,1.950416667,18.99583333,30.70833333,70.91666667,4.2375,14.57666667,19.44,11.07,8.37
2024-01-04,1.775833333,18.21666667,20.16666667,45.25,4.7,10.06708333,13.66,7.8,5.86
2024-01-05,1.89875,21.29166667,27.75,63.08333333,4.016666667,15.05041667,20.68,9.79,10.89
2024-01-06,2.225833333,34.4875,23.875,101.6666667,5.879166667,15.12916667,19.9,10.05,9.85
2024-01-07,2.038333333,26.77083333,22.45833333,64.41666667,7.0625,14.54041667,17.05,13.07,3.98
2024-01-08,2.011666667,23.62916667,24.54166667,92.125,4.679166667,18.68208333,29.02,12.08,16.94
2024-01-09,1.564583333,14.30833333,34.25,125.5,4.129166667,13.38833333,17.68,10.62,7.06
2024-01-10,2.252083333,38.60833333,20,142.5,5.479166667,13.80625,20.53,7.73,12.8
2024-01-11,2.2775,38.8625,22.875,121.3333333,8.008333333,19.88416667,28.28,12.52,15.76
2024-01-12,1.696666667,19.375,29.95833333,127.5416667,5.75,19.025,29.34,13.82,15.52
2024-01-13,2.0575,25.82083333,27.25,114.375,7,13.86,18.73,8.87,9.86
2024-01-14,2.16375,25.04583333,30.70833333,109.9583333,7.116666667,16.26833333,23.27,9.85,13.42
2024-01-15,2.149166667,20.8375,14.79166667,83,6.7125,9.96,16.11,5.58,10.53
2024-01-16,1.470833333,16.125,16.08333333,57.20833333,3.820833333,1.52375,23.96,-2.94,26.9
2024-01-17,1.67875,19.475,24.25,49.70833333,4.25,3.36125,7.64,-1.25,8.89
2024-01-18,3.249583333,56.05,19.08333333,145.25,8.695833333,14.435,27.16,4.5,22.66
2024-01-19,2.365416667,30.425,34.25,104.5833333,9.270833333,16.3875,20.66,12.59,8.07
2024-01-20,1.80375,16.05416667,31.875,54.16666667,4.854166667,7.945833333,12.27,4.04,8.23
2024-01-21,2.102083333,23.15833333,14,49.66666667,4.7875,6.156666667,8.08,3.99,4.09
2024-01-22,2.79,37.58333333,21.95833333,90.91666667,6.3,14.65625,21.27,7.49,13.78
2024-01-23,2.857916667,36.1375,21.875,119.2916667,8.320833333,17.54125,21.87,14.15,7.72
2024-01-24,2.269583333,22.51666667,17.375,68.41666667,4.975,17.50583333,20.21,16.01,4.2
2024-01-25,2.034583333,15.32083333,24.58333333,40.375,4.7,17.65833333,22.09,13.92,8.17
2024-01-26,2.12,22.2125,34.08333333,59.5,4.725,20.33291667,25.66,16.4,9.26
2024-01-27,1.86125,12.775,39.5,45.58333333,4.579166667,18.41291667,21.76,15.67,6.09
2024-01-28,1.827916667,11.22916667,42.125,33.91666667,4.520833333,15.91,19.72,12.13,7.59
2024-01-29,1.957083333,19.82916667,34.79166667,50.5,5.6125,15.43208333,23.96,9.47,14.49
2024-01-30,2.106666667,28.00416667,29.79166667,66.45833333,8.416666667,16.22666667,20.27,12.08,8.19
2024-01-31,2.188333333,25.37916667,29.58333333,73.25,6.9125,16.59375,20.54,12.12,8.42
2024-02-01,2.135,19.9375,33.20833333,63.625,4.295833333,18.96041667,23.96,14.19,9.77
2024-02-02,2.307916667,27.47916667,32.79166667,73.125,5.3125,22.30166667,31.01,14.7,16.31
2024-02-03,1.750416667,12.30833333,36.625,51.58333333,4.133333333,24.345,27.77,19.06,8.71
2024-02-04,1.89625,14.85833333,35.08333333,44.45833333,4.329166667,21.33833333,27.11,14.46,12.65
2024-02-05,1.769583333,14.88333333,37.04166667,55.20833333,5.941666667,18.88833333,24.15,14.05,10.1
2024-02-06,1.897083333,14.17916667,40,40.95833333,4.391666667,16.82208333,22.27,11.62,10.65
2024-02-07,2.17625,28.06666667,32.41666667,66.70833333,6.520833333,16.58916667,22.84,10.98,11.86
2024-02-08,2.357916667,29.44583333,32.54166667,89.54166667,7.1125,19.71958333,26.04,13.81,12.23
2024-02-09,2.152083333,21.12916667,37.83333333,68.29166667,5.895833333,21.35666667,27,16.15,10.85
2024-02-10,2.233333333,20.37083333,33.79166667,74.16666667,6.525,21.66125,25.63,17.92,7.71
2024-02-11,2.098333333,18.75416667,32.95833333,71.08333333,5.070833333,20.65375,24.95,16.95,8
2024-02-12,1.892083333,13.675,35.625,61.08333333,6.2,14.93791667,19.86,8.96,10.9
2024-02-13,1.921666667,14.37083333,37,55,6.045833333,15.30125,19.03,12.13,6.9
2024-02-14,2.282083333,26.26666667,28.54166667,75.625,5.616666667,15.30083333,18.3,11.89,6.41
2024-02-15,2.855,36.9875,16.16666667,97.04166667,5.4,15.83291667,17.68,14.77,2.91
2024-02-16,2.546666667,26.36666667,16.5,56.625,4.270833333,15.81208333,18.26,14,4.26
2024-02-17,1.535416667,16.99375,22.52083333,44.9375,3.666666667,18.22666667,23.96,7.28,16.68
2024-02-18,1.347708333,13.72708333,29.02083333,48.375,4.1375,15.38916667,23.96,7.6,16.36
2024-02-19,2.084583333,30.65416667,26.70833333,82.33333333,5.720833333,13.9,23.07,6.02,17.05
2024-02-20,2.168333333,32.0625,31.41666667,79.91666667,6.825,20.08916667,28.07,12.48,15.59
2024-02-21,2.24625,32.82916667,33.95833333,81.125,6.05,21.83,29.99,13.32,16.67
2024-02-22,2.244583333,22.12083333,36.29166667,67.70833333,5.466666667,25.3925,35.22,16.96,18.26
2024-02-23,2.234583333,16.22916667,41.66666667,80.70833333,5.5375,21.38625,23.64,19.21,4.43
2024-02-24,2.107083333,16.6625,43.91666667,56.875,4.941666667,19.85541667,24.52,14.89,9.63
2024-02-25,2.305833333,23.02083333,46.29166667,68.5,5.3125,22.2025,30.74,14.49,16.25
2024-02-26,2.570833333,31.725,50.70833333,96.54166667,5.908333333,26.0825,33.67,18.46,15.21
2024-02-27,2.3825,32.1625,36.75,91.29166667,5.170833333,28.74333333,36.99,20.57,16.42
2024-02-28,2.302916667,26.39583333,35.91666667,142.4166667,6.425,25.05666667,32.38,17.63,14.75
2024-02-29,2.079583333,16.6875,37.875,111.7083333,6.508333333,13.86375,16.2,11.4,4.8
2024-03-01,2.327916667,30.8625,34.83333333,118.5416667,7.983333333,17.09291667,24.68,10.61,14.07
2024-03-02,2.387916667,27.375,41.95833333,96.41666667,5.745833333,21.29416667,28.95,13.31,15.64
2024-03-03,2.365416667,21.775,40.79166667,85.75,6.720833333,22.7925,29.52,16.59,12.93
2024-03-04,2.50375,25.675,29.70833333,102.75,6.55,23.225,28.62,18.61,10.01
2024-03-05,2.32,19.72916667,40.08333333,86.45833333,5.475,25.30541667,32.39,18.35,14.04
2024-03-06,1.83125,15.5375,33.91666667,76.25,4.85,23.39416667,27.4,13.35,14.05
2024-03-07,2.177916667,17.85,40.54166667,84.45833333,4.004166667,24.01166667,29.6,20.25,9.35
2024-03-08,2.48125,23.63333333,32.625,118.0416667,4.620833333,24.365,29.18,20.06,9.12
2024-03-09,2.297083333,12.21666667,36.95833333,54.79166667,4.183333333,18.42166667,22.07,15.25,6.82
2024-03-10,2.217083333,5.1625,44.20833333,21.875,3.704166667,14.86791667,16.84,12.45,4.39
2024-03-11,2.414166667,14.06666667,37.75,49.04166667,5.0875,17.07833333,21.9,12.24,9.66
2024-03-12,2.572083333,18.47916667,40.79166667,62.79166667,4.229166667,21.33416667,26.45,16.78,9.67
2024-03-13,2.672916667,23.94166667,39.70833333,78.375,5.454166667,25.23041667,31.99,16.16,15.83
2024-03-14,2.77125,28.6125,30.66666667,77.375,5.5,26.36916667,33.12,19.24,13.88
2024-03-15,2.696666667,17.94166667,32.375,82.79166667,5.654166667,27.25416667,33.15,22.29,10.86
2024-03-16,2.578333333,13.15833333,24.16666667,53.16666667,3.525,22.35083333,26.01,19.24,6.77
2024-03-17,2.550416667,12.54166667,25.95833333,50.58333333,4.116666667,21.62583333,26.75,17.76,8.99
2024-03-18,2.440833333,12.81666667,26.41666667,24.875,3.25,14.32083333,17.34,11.57,5.77
2024-03-19,2.37375,12.34166667,34.66666667,35.41666667,3.358333333,12.26125,12.9,11.27,1.63
2024-03-20,2.56125,18.05,22.70833333,52.875,3.666666667,15.485,19.76,12.43,7.33
2024-03-21,2.640833333,18.53333333,35.16666667,67.16666667,4.675,20.07,26.29,14.31,11.98
2024-03-22,2.5225,22.18083333,35.91666667,55.04166667,4.029166667,24.42416667,31.47,17.44,14.03
2024-03-23,2.340833333,14.24041667,51.375,42.04166667,3.458333333,20.87916667,23.3,17.54,5.76
2024-03-24,2.4725,16.84583333,41.5,51.58333333,5.458333333,21.825,29.43,16.02,13.41
2024-03-25,2.43875,17.55,37.875,67.95833333,3.958333333,24.82208333,31.66,17.39,14.27
2024-03-26,2.227083333,13.3875,45.45833333,53.25,4.3,21.61416667,25.41,17.02,8.39
2024-03-27,2.339583333,10.34166667,55.66666667,76.66666667,4.5125,19.28333333,24.89,14.46,10.43
2024-03-28,2.310416667,8.958333333,48.66666667,54.125,3.5875,20.46625,25.04,15.26,9.78
2024-03-29,2.3675,13.98333333,49.16666667,51.79166667,4.745833333,21.23708333,28.36,14.89,13.47
2024-03-30,2.514583333,13.72916667,53,61.625,5.383333333,23.59583333,30.98,16.48,14.5
2024-03-31,2.470416667,12.17083333,45.375,61.875,4.129166667,26.78958333,34.77,19.39,15.38
2024-04-01,2.817083333,31.84166667,33.54166667,83.83333333,4.416666667,27.99958333,34.54,21.84,12.7
2024-04-02,2.204583333,13.32083333,46.33333333,113,4.5375,24.85083333,33.2,20.86,12.34
2024-04-03,2.229583333,12.70416667,51.75,55.08333333,5.025,21.6425,26.3,17.53,8.77
2024-04-04,2.407916667,18.06666667,45.625,61.33333333,5.225,22.19416667,27.76,15.49,12.27
2024-04-05,2.4425,20.35833333,40.25,61.375,7.620833333,22.09625,29.41,15.51,13.9
2024-04-06,2.514583333,21.1625,44.58333333,70.625,5.395833333,25.32333333,34.68,16.95,17.73
2024-04-07,2.471666667,14.17916667,36.66666667,78.75,4.895833333,25.7325,30.43,20.18,10.25
2024-04-08,2.53875,15.04583333,37.58333333,72.91666667,4.633333333,24.78541667,28.15,21.38,6.77
2024-04-09,2.597916667,15.16666667,36.25,83.54166667,4.904166667,28.1925,34.47,22.02,12.45
2024-04-10,2.12,10.36666667,52.25,87.25,4.066666667,25.79458333,30.32,20.02,10.3
2024-04-11,2.182916667,9.666666667,57.41666667,48.41666667,4.241666667,24.09458333,28.68,18.19,10.49
2024-04-12,2.287083333,14.325,49,59.91666667,5.054166667,22.74916667,28.73,17.41,11.32
2024-04-13,2.449583333,12.88333333,49.04166667,57.5,5.533333333,22.55083333,28.06,17.25,10.81
2024-04-14,2.545,16.3125,49.91666667,65.5,7.745833333,25.13083333,32.5,18.27,14.23
2024-04-15,2.69375,19.07916667,39.875,76.91666667,4.975,25.77541667,32.6,20.82,11.78
2024-04-16,2.624166667,14.02083333,34.04166667,77.58333333,4.025,26.70541667,32.09,22.41,9.68
2024-04-17,2.63625,13.32916667,30.16666667,71.375,3.520833333,26.28791667,28.92,23.81,5.11
2024-04-18,2.729166667,21.09166667,32.75,87.41666667,3.441666667,25.41541667,28.22,22.18,6.04
2024-04-19,2.716666667,19.25,34.08333333,74.41666667,3.733333333,25.625,30.51,21.82,8.69
2024-04-20,2.357083333,11.84166667,31.16666667,57.54166667,3.429166667,24.48666667,29.82,20.8,9.02
2024-04-21,1.9825,9.120833333,23.5,30.29166667,3.645833333,16.51083333,21.9,13.73,8.17
2024-04-22,2.31625,13.56666667,30.41666667,27.04166667,3.854166667,14.07041667,15.59,13.55,2.04
2024-04-23,2.545,15.94583333,25.33333333,41.08333333,3.633333333,19.00458333,23.76,14.43,9.33
2024-04-24,2.503333333,9.520833333,32.79166667,52.25,3.383333333,24.09791667,28.67,20.66,8.01
2024-04-25,2.575833333,10.12083333,31.66666667,60.95833333,3.4,24.615,29.64,21.01,8.63
2024-04-26,2.642083333,14.72916667,42.91666667,77.08333333,3.65,26.96416667,33.07,21.28,11.79
2024-04-27,2.65625,12.625,45.83333333,78.95833333,3.8875,27.5475,34.38,22.83,11.55
2024-04-28,2.540416667,8.216666667,47.75,85.75,3.820833333,27.78,33.03,22.46,10.57
2024-04-29,2.636666667,11.90416667,44.25,72.875,3.995833333,27.2125,31.24,22.57,8.67
2024-04-30,2.62,6.8375,39.91666667,66.875,3.445833333,26.73375,31.05,23.18,7.87
2024-05-01,2.597916667,7.133333333,37.91666667,61.125,3.408333333,26.40875,32.08,22.45,9.63
2024-05-02,2.754583333,14.34583333,40.375,83.33333333,3.525,29.72166667,39.04,24.47,14.57
2024-05-03,2.746666667,8.841666667,40.70833333,78.25,3.408333333,28.25333333,31.41,25.2,6.21
2024-05-04,2.715,8.116666667,39.16666667,56.29166667,3.429166667,26.19125,29.43,23.21,6.22
2024-05-05,2.722083333,7.6125,44.16666667,68.45833333,3.45,27.31041667,32.83,23.31,9.52
2024-05-06,2.7925,12.5625,42.875,74.79166667,3.504166667,28.57375,34.89,23.99,10.9
2024-05-07,2.860416667,15.55833333,50.29166667,87.04166667,3.9375,30.73,38.03,23.95,14.08
2024-05-08,2.903333333,17.55833333,60,91.79166667,3.979166667,32.00833333,40.01,24.79,15.22
2024-05-09,2.777916667,24.62916667,47.70833333,75.29166667,5.970833333,34.64166667,41.91,27.14,14.77
2024-05-10,3.014166667,16.3875,46.29166667,88.70833333,3.916666667,30.64458333,33.39,28.2,5.19
2024-05-11,2.940416667,7.729166667,36.375,74.54166667,3.425,24.54,26.85,22.56,4.29
2024-05-12,2.902916667,11.25416667,41.375,78.25,3.4375,26.54166667,31.33,22.53,8.8
2024-05-13,2.848333333,15.22083333,40.29166667,82.58333333,3.616666667,30.77125,38.58,25.05,13.53
2024-05-14,2.801666667,14.23333333,49.04166667,66.08333333,4.141666667,28.28541667,33.02,23.58,9.44
2024-05-15,2.8525,10.89166667,43.125,67,3.654166667,27.78125,32.72,22.39,10.33
2024-05-16,2.979583333,12.09166667,64.08333333,90.29166667,3.695833333,30.88833333,37.89,24.76,13.13
2024-05-17,2.9475,13.86666667,41.70833333,70.20833333,3.570833333,26.57875,31.04,22.45,8.59
2024-05-18,2.840416667,12.19583333,58.625,60.625,4.383333333,29.66416667,36.32,23.89,12.43
2024-05-19,2.79,6.833333333,49.625,66.25,3.758333333,30.86041667,36.62,24.67,11.95
2024-05-20,2.16125,10.27083333,45.70833333,86.25,3.129166667,30.51875,37.17,24.34,12.83
2024-05-21,0.914166667,12.64166667,38.33333333,86.25,2.1375,30.18541667,35.92,24.78,11.14
2024-05-22,0.859166667,13.49166667,50.66666667,92.58333333,2.25,31.72916667,38.7,26.22,12.48
2024-05-23,0.975208333,14.33333333,53.125,87,2.466666667,30.7925,38.36,23.96,14.4
2024-05-24,0.847708333,16.61666667,53.375,62.95833333,3.09375,33.11604167,42.34,23.96,18.38
2024-05-25,0.994583333,13.625,43.79166667,95.66666667,2.120833333,32.555,38.41,26.44,11.97
2024-05-26,1.065833333,12.24166667,43.83333333,79.91666667,2.133333333,32.92666667,40.35,26.68,13.67
2024-05-27,1.219416667,16.16416667,30.58333333,101.675,2.135833333,31.401,35.07,27.346,7.724
2024-05-28,1.132083333,14.7775,41.97083333,75.6125,2.390833333,30.33408333,36.658,25.016,11.642
2024-05-29,1.344333333,14.17833333,26.575,57.125,3.34,24.3105,28.166,23.96,4.206
2024-05-30,1.04,12.30416667,29.61666667,58.75833333,2.27,26.14766667,33.17,8.35,24.82
2024-05-31,0.99875,11.22083333,31,83.125,2.141666667,28.1775,32.53,24.4,8.13
2024-06-01,1.042083333,7.75,32.16666667,66.25,2.175,28.47333333,33.6,23.96,9.64
2024-06-02,1.07,8.075,30.5,70.29166667,2.158333333,29.20708333,33.24,24.76,8.48
2024-06-03,1.201666667,19.47083333,34.625,83.91666667,2.416666667,30.26208333,35.15,25.51,9.64
2024-06-04,1.19125,19.47166667,40.01666667,93.975,2.515833333,31.15466667,34.95,26.39,8.56
2024-06-05,1.091833333,28.26,46.88333333,76.05,4.163333333,33.17058333,39.844,26.728,13.116
2024-06-06,1.315416667,14.30208333,27.79166667,54.29166667,3.31875,24.75875,31.722,23.96,7.762
2024-06-07,1.122083333,10.68083333,43.675,54.66666667,2.9525,26.91575,33.08,17.41,15.67
2024-06-08,1.833333333,14.6875,38.375,58.04166667,2.754166667,28.30375,31.1,23.96,7.14
2024-06-09,2.02125,15.1,46.29166667,61.29166667,3.083333333,29.00208333,33.89,24.35,9.54
2024-06-10,2.17,15.42083333,34.125,62.875,2.6375,28.6225,33.26,24.84,8.42
2024-06-11,2.1775,16.74583333,38.83333333,60.25,3.1625,30.84333333,36.72,24.87,11.85
2024-06-12,1.714166667,11.45,33.16666667,53.70833333,2.708333333,30.66041667,35.59,25.95,9.64
2024-06-13,0.7025,11.0875,30.83333333,44.58333333,3.383333333,30.64083333,35.81,25.07,10.74
2024-06-14,0.6825,10.12083333,29.875,43.91666667,3.5,30.24458333,35.32,25.09,10.23
2024-06-15,0.585833333,7.425,27.25,39.70833333,2.733333333,29.65791667,35.4,24.31,11.09
2024-06-16,0.570833333,5.758333333,29.70833333,36.875,2.666666667,29.73125,35.73,24.02,11.71
2024-06-17,0.535416667,5.9875,27.5,35.16666667,2.379166667,29.70375,36.17,24.74,11.43
2024-06-18,0.525416667,6.254166667,29.41666667,35.20833333,2.354166667,28.88416667,34.21,24.83,9.38
2024-06-19,0.560833333,7.55,20.83333333,36.58333333,2.6125,25.15708333,29.19,22.25,6.94
2024-06-20,0.48375,5.65,23.70833333,27.83333333,2.158333333,22.3975,23.57,21.71,1.86
2024-06-21,0.504583333,6.879166667,21.54166667,32.45833333,2.1625,22.64958333,27.16,20.69,6.47
2024-06-22,0.716666667,18.67083333,16.58333333,40.08333333,2.245833333,21.97833333,25.92,20.01,5.91
2024-06-23,0.550416667,11.7875,21.5,34.08333333,2.220833333,22.71333333,27.58,20.69,6.89
2024-06-24,0.581666667,13.11666667,24.375,43.79166667,2.266666667,25.15291667,29.65,21.3,8.35
2024-06-25,0.519583333,9.554166667,22.875,45.66666667,2.329166667,27.59041667,32.1,23.45,8.65
2024-06-26,0.54125,9.916666667,29.83333333,52.83333333,2.4,28.27541667,32.59,24.36,8.23
2024-06-27,0.525833333,9.6625,23.79166667,48.875,2.4,28.24833333,32.5,24.33,8.17
2024-06-28,0.554166667,11.475,25.66666667,53.875,2.433333333,28.02333333,32.58,24.36,8.22
2024-06-29,0.49375,8.754166667,26.29166667,50.875,2.4125,27.74625,33.15,23.32,9.83
2024-06-30,0.4325,5.820833333,14.91666667,32.58333333,2.420833333,23.42458333,25.29,21.8,3.49
2024-07-01,0.515416667,9.845833333,16.25,44.29166667,2.458333333,24.24458333,27.7,21.37,6.33
2024-07-02,0.52625,10.6,19.75,54.83333333,2.420833333,26.39833333,31.6,21.43,10.17
2024-07-03,0.47,9.0625,23.04166667,62.33333333,2.4,27.46041667,32.38,23.48,8.9
2024-07-04,0.51,10.6375,29.95833333,60.08333333,2.395833333,27.64458333,31.88,23.98,7.9
2024-07-05,0.51375,11.44166667,32.04166667,70.41666667,2.4,27.44208333,31.1,24.15,6.95
2024-07-06,0.314583333,10.93333333,23.83333333,82.45833333,2.570833333,28.41875,32.89,24.15,8.74
2024-07-07,0.370416667,11.10833333,30.08333333,65.16666667,3.204166667,29.06833333,33.61,24.17,9.44
2024-07-08,0.49625,15.48333333,38.5,61.29166667,2.804166667,29.8625,33.76,25.51,8.25
2024-07-09,0.600416667,17.64583333,29.58333333,57.83333333,2.941666667,29.22666667,33.19,25.19,8
2024-07-10,0.53875,13.8125,16.45833333,49.66666667,2.579166667,25.9325,29.75,23.34,6.41
2024-07-11,0.427916667,8.4,20.5,39.875,2.504166667,25.02375,28.75,20.96,7.79
2024-07-12,0.48,9.491666667,19.29166667,43.45833333,2.529166667,23.79291667,26.15,20.85,5.3
2024-07-13,0.476666667,8.908333333,21.08333333,57.33333333,2.429166667,25.52416667,28.79,22.43,6.36
2024-07-14,0.4675,7.654166667,25.375,78.83333333,2.5,26.785,31.03,22.85,8.18
2024-07-15,0.58375,11.9125,30.66666667,63.70833333,2.5,26.96458333,30.71,23.26,7.45
2024-07-16,0.567916667,13.76666667,34.41666667,84.375,2.708333333,27.13583333,31.44,23.3,8.14
2024-07-17,0.5825,11.9625,25.58333333,63.75,2.541666667,26.15,28.98,23.57,5.41
2024-07-18,0.634583333,15.49583333,22.91666667,56.125,2.5875,25.35666667,29.43,22.29,7.14
2024-07-19,0.67375,16.14166667,23.83333333,66.95833333,2.608333333,27.20041667,31.94,23.09,8.85
2024-07-20,0.6125,10.54583333,24.58333333,77.70833333,2.775,28.08291667,32.32,23.93,8.39
2024-07-21,0.530833333,8.645833333,26.25,49.25,2.729166667,27.47208333,31.41,23.8,7.61
2024-07-22,0.542083333,11.40833333,23,53.625,2.958333333,26.51,30.93,22.99,7.94
2024-07-23,0.556666667,10.80833333,25.45833333,45.04166667,2.825,26.28416667,30.41,22.52,7.89
2024-07-24,0.697083333,13.80833333,15.91666667,44.875,2.583333333,24.57,29.26,22.1,7.16
2024-07-25,0.810416667,21.125,19.25,51.75,2.633333333,24.18708333,26.59,22.63,3.96
2024-07-26,0.806666667,21.06666667,25.20833333,52.45833333,2.625,24.22833333,27.32,21.92,5.4
2024-07-27,0.695833333,14.05416667,36.91666667,63.79166667,2.741666667,25.65833333,29.63,22.18,7.45
2024-07-28,0.560833333,8.666666667,25.04166667,42.54166667,2.604166667,26.0925,30.28,23.39,6.89
2024-07-29,0.613333333,10.24583333,20.83333333,50.29166667,2.629166667,27.00541667,31.71,23.4,8.31
2024-07-30,0.653333333,9.5875,23.5,56.20833333,2.7,27.22916667,32.08,23.5,8.58
2024-07-31,0.674583333,10.77083333,24.16666667,87.66666667,2.670833333,27.63,32.55,24,8.55
2024-08-01,0.692916667,10.4375,22.95833333,93.20833333,2.7875,27.16083333,31.46,23.68,7.78
2024-08-02,0.710416667,11.025,21.70833333,80.16666667,3.016666667,27.67791667,32.21,23.53,8.68
2024-08-03,0.69625,11.00416667,28.66666667,64.20833333,3.545833333,28.725,33.07,23.52,9.55
2024-08-04,0.644583333,9.479166667,29.875,57.625,3.683333333,29.04458333,33.16,23.71,9.45
2024-08-05,0.75,11.97916667,23.04166667,59.41666667,3.308333333,28.38666667,32.13,23.89,8.24
2024-08-06,0.747916667,10.275,27.83333333,52.83333333,3.116666667,28.55875,32.75,24.02,8.73
2024-08-07,0.803333333,13.3875,46.375,59,3.5125,30.45125,35.49,24.95,10.54
2024-08-08,0.736666667,14.41666667,58.08333333,54.20833333,4.208333333,31.8375,36.57,26.7,9.87
2024-08-09,0.75,10.27916667,26.75,50.95833333,3.2125,28.04125,30.85,25.21,5.64
2024-08-10,0.726666667,8.9125,22.5,49.125,3.2,27.84666667,32.01,23.62,8.39
2024-08-11,0.729166667,9.25,29.16666667,41,3.520833333,28.185,32.09,23.22,8.87
2024-08-12,0.744583333,10.46666667,28.25,41.91666667,3.4375,28.25541667,32.99,23.29,9.7
2024-08-13,0.75375,10.9,26.125,47.875,3.345833333,27.78416667,32.85,23.16,9.69
2024-08-14,0.760416667,10.44583333,27.66666667,53.20833333,3.1875,27.79958333,31.8,23.87,7.93
2024-08-15,0.8025,12.575,28.83333333,62.41666667,3.3625,28.01833333,32.12,23.75,8.37
2024-08-16,0.770416667,9.8125,23.79166667,47.91666667,3.170833333,28.38125,33.04,24.1,8.94
2024-08-17,0.785,10.1125,23.75,46.25,3.304166667,28.31875,32.47,24.37,8.1
2024-08-18,0.8225,9.820833333,21.125,44.95833333,3.366666667,28.27,32,24.24,7.76
2024-08-19,0.857083333,11.6625,19.625,49.375,3.554166667,27.75,31.28,24.05,7.23
2024-08-20,0.842916667,11.54166667,31.58333333,45.20833333,3.7625,29.14083333,34,23.74,10.26
2024-08-21,0.947916667,15.3375,35.70833333,59.66666667,3.933333333,30.61041667,36.03,24.52,11.51
2024-08-22,0.905416667,13.80416667,38.08333333,50.75,4.120833333,30.8875,35.27,25.57,9.7
2024-08-23,0.867083333,13.06666667,33.125,50.08333333,4.216666667,29.57375,34.34,24.1,10.24
2024-08-24,0.837083333,11.8375,28.58333333,54.16666667,4.808333333,28.51958333,32.78,23.82,8.96
2024-08-25,0.784166667,6.816666667,25.625,50.95833333,3.7625,27.51041667,32.48,23.85,8.63
2024-08-26,0.87125,10.17916667,27.125,60.91666667,3.8625,27.67708333,32.03,23.44,8.59
2024-08-27,0.92,11.67083333,21.91666667,49.75,3.7,26.33333333,32.48,22.17,10.31
2024-08-28,0.889583333,11.65833333,23.125,44.04166667,3.366666667,26.57666667,32,22.69,9.31
2024-08-29,0.905416667,11.99166667,38.625,46.58333333,3.620833333,27.04666667,31.31,23.13,8.18
2024-08-30,0.98625,14.975,32.70833333,52.04166667,3.541666667,27.80333333,34.12,23.66,10.46
2024-08-31,1.010416667,15.68333333,18.70833333,45.66666667,3.333333333,26.24791667,30.56,24.16,6.4
2024-09-01,0.88875,11.59166667,27.625,44.16666667,3.254166667,24.195,28.97,21.51,7.46
2024-09-02,0.90375,17.65416667,21.75,39.79166667,3.383333333,24.89625,29.21,23.07,6.14
2024-09-03,0.975,18.30833333,28.25,36.125,3.429166667,25.26,29.54,21.81,7.73
2024-09-04,0.837916667,15.21666667,21.375,30.45833333,3.275,23.92333333,29.88,21.77,8.11
2024-09-05,0.816666667,15.32916667,16.29166667,29.45833333,3.283333333,22.76541667,24.91,21.44,3.47
2024-09-06,0.865,21.85,16.41666667,39,3.4,23.78,27.69,20.94,6.75
2024-09-07,0.712916667,11.0625,32.45833333,36.5,3.283333333,25.17375,29.38,22.3,7.08
2024-09-08,0.713333333,8.295833333,48.95833333,39.16666667,3.491666667,25.19291667,28.3,22.52,5.78
2024-09-09,0.795833333,13.975,41.875,45.33333333,3.491666667,24.325,27.64,20.15,7.49
2024-09-10,0.77875,16.09166667,36.08333333,47.75,3.225,26.45208333,30.29,23.59,6.7
2024-09-11,0.734166667,15.75,48.45833333,54.75,3.070833333,26.92958333,30.53,23.39,7.14
2024-09-12,0.85,21.09583333,41.91666667,65.625,3.0375,27.95833333,32.43,23.12,9.31
2024-09-13,0.786666667,14.4125,24.16666667,61.70833333,3.079166667,27.57041667,30.48,24.5,5.98
2024-09-14,0.72125,9.454166667,21.41666667,46.625,3.141666667,27.3175,30.14,24.72,5.42
2024-09-15,0.774166667,11.19583333,20.33333333,38.875,3.083333333,23.97166667,26.7,21.12,5.58
2024-09-16,0.696666667,7.545833333,16.45833333,26.375,3.1,23.99041667,26.89,22.29,4.6
2024-09-17,0.78,10.94583333,16.20833333,39.33333333,3.129166667,25.95666667,29.59,23.05,6.54
2024-09-18,0.849583333,11.25833333,19.33333333,52.29166667,3.245833333,25.96958333,28.47,23.45,5.02
2024-09-19,0.8,9.416666667,23.25,56.58333333,3.25,27.18166667,30.89,24.41,6.48
2024-09-20,0.89875,9.245833333,19.875,44.29166667,3.229166667,26.91458333,30.78,23.96,6.82
2024-09-21,0.882083333,7.920833333,17.25,41.125,3.275,26.30791667,30.16,23.58,6.58
2024-09-22,0.735,5.120833333,13.5,35,3.2875,26.66916667,30.47,23.33,7.14
2024-09-23,0.7575,6.5625,14.95833333,33.5,3.266666667,26.24041667,29.92,23.15,6.77
2024-09-24,0.854583333,12.80416667,24.875,45.375,3.270833333,26.91708333,30.49,23.02,7.47
2024-09-25,0.9575,15.7875,28.75,49.91666667,3.254166667,27.73291667,31.8,22.95,8.85
2024-09-26,0.962083333,17.78333333,34.58333333,54.20833333,3.291666667,25.87875,30.08,22.14,7.94
2024-09-27,0.9175,25.4625,42.16666667,54,3.329166667,25.16708333,29.61,20.85,8.76
2024-09-28,0.81375,15.82916667,49.45833333,47.16666667,4.0625,26.08125,30.49,21.59,8.9
2024-09-29,0.766666667,10.50833333,54.16666667,41.5,3.9375,26.94458333,31.68,22.78,8.9
2024-09-30,0.800416667,14.05,53.08333333,47.16666667,11.65,27.22625,31.62,22.72,8.9
2024-10-01,0.850416667,15.83333333,40.25,50.83333333,4.516666667,26.27041667,30.37,21.18,9.19
2024-10-02,0.850833333,16.6875,43.91666667,52.375,5.4,26.21708333,30,21.03,8.97
2024-10-03,0.882916667,21.24583333,45.125,62.5,5.633333333,25.64375,29.07,21.01,8.06
2024-10-04,0.842916667,16.07916667,41.33333333,57.29166667,4.245833333,26.27833333,29.61,21.27,8.34
2024-10-05,0.955833333,18.45,24.5,43.25,3.341666667,20.76791667,24.86,19.25,5.61
2024-10-06,0.873333333,14.325,22.79166667,36.70833333,3.370833333,24.59083333,29.17,20.76,8.41
2024-10-07,1.066666667,22.7125,14.70833333,42.91666667,3.633333333,23.19,25.76,20.9,4.86
2024-10-08,0.822916667,16.19583333,39.875,41.79166667,6.058333333,24.56375,29.21,19.75,9.46
2024-10-09,0.7775,14.79166667,53.20833333,47.04166667,4.858333333,25.65708333,30.71,20.5,10.21
2024-10-10,0.864166667,20.36666667,44.45833333,53.54166667,6.383333333,24.89166667,29.36,20.41,8.95
2024-10-11,0.892916667,24.40833333,39,53.66666667,6.7125,24.7775,29.62,19.32,10.3
2024-10-12,0.864166667,19.58333333,44.91666667,48.66666667,6.158333333,23.89916667,28.64,18.43,10.21
2024-10-13,0.7975,18.07083333,39.20833333,45.25,5.491666667,24.51791667,29.77,18.17,11.6
2024-10-14,0.887916667,20.80833333,32.29166667,43.91666667,5.058333333,25.14791667,31.04,18.53,12.51
2024-10-15,0.878333333,26.79583333,41.125,50.5,5.391666667,24.6075,30.19,18.15,12.04
2024-10-16,0.8775,20.7875,24.75,48.41666667,4.866666667,22.16583333,25.75,18.42,7.33
2024-10-17,0.7775,9.604166667,36.875,28.41666667,3.320833333,19.10708333,21.12,17.44,3.68
2024-10-18,0.852916667,12.49166667,28.25,31.95833333,3.204166667,19.87291667,21.85,18.37,3.48
2024-10-19,0.830833333,10.73333333,24.91666667,30.45833333,3.183333333,20.71458333,22.46,19.15,3.31
2024-10-20,0.797083333,9.625,25.70833333,35.5,3.2,21.38083333,24.75,19.22,5.53
2024-10-21,0.791666667,9.179166667,26.04166667,28.5,3.2125,21.40208333,23.31,19.75,3.56
2024-10-22,1.056666667,15.29583333,15.29166667,51.04166667,3.375,22.7225,25.72,19.95,5.77
2024-10-23,1.545416667,15.90416667,22.33333333,45.375,3.4375,23.22291667,26.81,19.94,6.87
2024-10-24,1.576666667,17.22916667,23.25,47.20833333,3.541666667,23.16291667,27.55,18.7,8.85
2024-10-25,1.720833333,22.49166667,28.875,58.58333333,4.558333333,23.22708333,27.96,17.9,10.06
2024-10-26,1.745833333,18.1125,19.79166667,51.66666667,4.129166667,23.05125,27.23,18.71,8.52
2024-10-27,1.68875,13.60416667,27.16666667,38.625,4.504166667,23.68916667,28.25,18.88,9.37
2024-10-28,1.685,17.57083333,22.75,40.125,5.083333333,22.90125,27.53,17.46,10.07
2024-10-29,1.685,16.06666667,21.625,46.45833333,4.420833333,22.76041667,27.22,18.74,8.48
2024-10-30,1.78875,18.60833333,33.125,79.20833333,3.945833333,23.8625,28.28,20.51,7.77
2024-10-31,1.874166667,24.3375,27.75,67.25,4.4,24.33666667,28.6,20.19,8.41
2024-11-01,1.706666667,13.15,17.08333333,49.66666667,3.504166667,24.41625,27.11,22.18,4.93
2024-11-02,1.6,8.029166667,18.41666667,32.375,3.466666667,24.70708333,28.53,22.09,6.44
2024-11-03,1.61875,9.004166667,21.375,40.33333333,3.504166667,24.81458333,29.08,21.49,7.59
2024-11-04,1.780416667,18.62083333,26.83333333,52.29166667,4.425,25.93,32.21,21.07,11.14
2024-11-05,1.469166667,12.79583333,37.79166667,76.875,4.266666667,22.78083333,25.35,20.55,4.8
2024-11-06,1.6525,24.85833333,35.375,63.20833333,6.479166667,21.77541667,26.44,16.46,9.98
2024-11-07,1.82625,27.45833333,26.25,62.08333333,4.925,23.17541667,28.01,17.66,10.35
2024-11-08,1.7375,13.8625,22.33333333,53.41666667,3.45,24.5675,28.01,22.31,5.7
2024-11-09,1.7025,21.3,17.33333333,44.41666667,4.141666667,19.40208333,21.62,17.17,4.45
2024-11-10,1.844166667,20.125,19.66666667,52.33333333,3.791666667,20.68,23.04,17.93,5.11
2024-11-11,1.865,18.86666667,16.66666667,40.125,4.154166667,21.80791667,24.99,19.23,5.76
2024-11-12,1.782916667,16.57083333,14.5,46.66666667,3.804166667,21.9825,25.2,19.51,5.69
2024-11-13,1.804583333,18.05416667,23.95833333,53.08333333,3.875,24.42416667,30.19,19.96,10.23
2024-11-14,1.51,17.69166667,38.16666667,42.45833333,5.254166667,21.65333333,24.42,19.16,5.26
2024-11-15,1.690833333,20.4,25.08333333,43.95833333,5.754166667,19.91,22.79,16.04,6.75
2024-11-16,1.7475,18.6875,21.20833333,45.875,4.454166667,20.28458333,23.16,17.89,5.27
2024-11-17,1.746666667,16.56666667,19.20833333,55.58333333,4.170833333,21.32916667,24.27,18.91,5.36
2024-11-18,1.74125,18.84166667,20.375,50.625,4.966666667,23.59333333,29.25,19.44,9.81
2024-11-19,1.379166667,20.06666667,28.54166667,57.875,4.454166667,21.15833333,25.84,3.73,22.11
2024-11-20,1.308333333,22.28333333,32.04166667,48.375,5.566666667,20.19458333,23.84,17.58,6.26
2024-11-21,1.506666667,20.75416667,34.04166667,42.83333333,5.754166667,17.65416667,21.77,12.54,9.23
2024-11-22,1.875416667,34.12083333,26.16666667,56.16666667,7.466666667,18.27458333,23.56,13.23,10.33
2024-11-23,1.919166667,28.325,27.375,56.91666667,5.854166667,18.80375,24.52,13.54,10.98
2024-11-24,1.954583333,27.17916667,28.625,58.29166667,5.216666667,19.97541667,25.86,14.07,11.79
2024-11-25,2.076666667,42.28333333,27.875,72.95833333,9.495833333,22.94583333,29.42,16.56,12.86
2024-11-26,1.352916667,25.7,12.45833333,66.70833333,6.866666667,17.59,20.76,14.3,6.46
2024-11-27,1.7525,47.64166667,24.54166667,86.20833333,7.2625,20.02125,27.9,13.37,14.53
2024-11-28,1.267083333,31.12916667,20.04166667,81.5,6.125,18.43583333,19.91,14.74,5.17
2024-11-29,0.973333333,16.82083333,21.875,42.91666667,4.8125,13.43916667,15.2,11.76,3.44
2024-11-30,1.150833333,25.06666667,24.125,47.25,5.741666667,14.07166667,18.84,11.41,7.43
2024-12-01,1.495,27.3625,29.41666667,63.54166667,7.675,16.45625,23.96,11.39,12.57
2024-12-02,1.521666667,23.20416667,11,34.45833333,4.279166667,15.23625,16.5,13.47,3.03
2024-12-03,1.23125,17.02916667,18.91666667,31.35416667,3.797916667,14.33729167,23.96,0.63,23.33
2024-12-04,1.490625,20.45208333,17.875,58.14583333,4.058333333,20.77895833,23.96,14.81,9.15
2024-12-05,1.409583333,30.36666667,17.9375,85.08333333,4.2375,15.68916667,19.65,14.27,5.38
2024-12-06,1.27,14.49166667,18.375,37.79166667,3.6125,17.3975,23.96,5.04,18.92
2024-12-07,2.101666667,18.6125,7.333333333,39.875,4.354166667,10.37625,23.96,8.54,15.42
2024-12-08,3.287083333,23.98333333,16.20833333,71.58333333,4.783333333,12.97458333,16.67,9.45,7.22
2024-12-09,3.146666667,27.10833333,21,57.54166667,5.183333333,21.27833333,29.28,15.19,14.09
2024-12-10,2.631666667,26.30416667,20.5,68.33333333,5.916666667,18.58583333,25.88,12.03,13.85
2024-12-11,2.199583333,17.8125,27.91666667,38.875,6.270833333,11.60291667,15.63,8.23,7.4
2024-12-12,2.537083333,29.07916667,17.125,54.45833333,6.783333333,12.14875,17.75,7.02,10.73
2024-12-13,2.96875,35.70416667,23.83333333,72.95833333,6.6125,15.98208333,21.41,10.78,10.63
2024-12-14,2.958333333,29.95,27.08333333,76.08333333,5.116666667,18.77041667,23.93,13.17,10.76
2024-12-15,2.70875,20.10833333,13.54166667,56.83333333,4.720833333,19.88125,24.82,17.29,7.53
2024-12-16,2.87625,24.40833333,9.083333333,64.33333333,4.404166667,19.24083333,21.57,17.51,4.06
2024-12-17,2.637916667,18,15.58333333,50.70833333,4.433333333,20.05875,22.73,18.5,4.23
2024-12-18,2.595,18.24583333,14.625,51.45833333,4.208333333,20.31625,24.67,17.83,6.84
2024-12-19,2.535416667,20.4125,18.125,44.625,5.070833333,17.20583333,21.05,14.03,7.02
2024-12-20,2.773333333,29.47083333,9.166666667,54.875,5.079166667,15.86,17.39,14.23,3.16
2024-12-21,2.476666667,18.36666667,21.375,30.29166667,4.316666667,14.88083333,16.09,13.61,2.48
2024-12-22,2.420833333,15.52083333,15.54166667,35.16666667,4.554166667,15.8725,17.49,14.26,3.23
2024-12-23,2.551666667,19.37083333,14.75,39.91666667,4.295833333,18.73875,24,14.14,9.86
2024-12-24,2.692916667,29.90833333,18.125,59.25,4.8375,19.31916667,25.93,13.24,12.69
2024-12-25,2.44375,15.19166667,26.375,46.08333333,4.970833333,18.54333333,22.33,16.24,6.09
2024-12-26,2.465833333,21.12916667,24.58333333,55.33333333,4.8625,20.49291667,28.68,14.37,14.31
2024-12-27,2.545,27.81666667,20.41666667,59.04166667,5.125,20.37583333,26.1,15.58,10.52
2024-12-28,2.2925,24.25,22.125,52.83333333,4.9125,22.70541667,31.33,16.02,15.31
2024-12-29,2.221666667,22.35,26.66666667,39.58333333,5.479166667,20.8375,27.44,15.98,11.46
2024-12-30,2.335,30.6,23.16666667,47.91666667,5.483333333,22.86583333,32.14,15.24,16.9
2024-12-31,2.0525,19.88333333,34.375,50.70833333,6.091666667,23.23458333,29.17,18.07,11.1
